pair,beta_unadj,se,adj_p,exp_cat,out_cat,dce_beta,exp,out,non_zero_in_dce,exposure_name,outcome_name
0233_vs_SCZ,-0.151842710837707,0.0465986496327663,0.0036720659666015,regional and tissue volume,bd/scz,0.0,0233,SCZ,False,AmygNuclei rh volume Lateral-nucleus,SCZ
0339_vs_SCZ,-0.18863454191792,0.0488274745208917,0.0004211384110652,regional and tissue volume,bd/scz,-0.0051772070539721,0339,SCZ,True,Brainstem global volume Medulla,SCZ
0339_vs_ANX,-0.112829920622005,0.029766355559148,0.0005572589913689,regional and tissue volume,internalizing,0.0,0339,ANX,False,Brainstem global volume Medulla,ANX
0340_vs_SCZ,-0.088197952971002,0.0273019774462879,0.0040280641123177,regional and tissue volume,bd/scz,-0.0068393393726075,0340,SCZ,True,Brainstem global volume Pons,SCZ
0343_vs_SCZ,-0.0990138847896098,0.0336131855723645,0.0097590950356028,regional and tissue volume,bd/scz,-0.0010197086586292,0343,SCZ,True,Brainstem global volume Whole-brainstem,SCZ
0262_vs_ADHD,-0.220290823343194,0.048580339583742,2.4959143507366444e-05,regional and tissue volume,neurodevelopmental,0.0,0262,ADHD,False,HippSubfield lh volume Whole-hippocampal-body,ADHD
0262_vs_PTSD,-0.081137374451303,0.0227004805073599,0.0012381953544664,regional and tissue volume,internalizing,-0.005734723467473,0262,PTSD,True,HippSubfield lh volume Whole-hippocampal-body,PTSD
0262_vs_ANX,-0.0892798758175311,0.0261003137872778,0.0021288503582824,regional and tissue volume,internalizing,-0.0016870023698968,0262,ANX,True,HippSubfield lh volume Whole-hippocampal-body,ANX
0264_vs_ADHD,-0.137434991562064,0.0426232888651864,0.0041072009489546,regional and tissue volume,neurodevelopmental,0.0,0264,ADHD,False,HippSubfield lh volume Whole-hippocampus,ADHD
0264_vs_PTSD,-0.0746988772158033,0.0215700492417261,0.0018369237571385,regional and tissue volume,internalizing,-0.0061800519012248,0264,PTSD,True,HippSubfield lh volume Whole-hippocampus,PTSD
0280_vs_ADHD,-0.193443614384604,0.0547259954587832,0.0014256369308847,regional and tissue volume,neurodevelopmental,0.0,0280,ADHD,False,HippSubfield rh volume CA4-body,ADHD
0159_vs_TUD,0.0496525467159945,0.0120752031994643,0.000155604589397,regional and tissue volume,substance use,0.016182118657618,0159,TUD,True,IDP T1 FAST ROIs L cerebellum IX,TUD
0159_vs_CUD,0.149638822080061,0.0442189792455253,0.0024115734880533,regional and tissue volume,substance use,0.0,0159,CUD,False,IDP T1 FAST ROIs L cerebellum IX,CUD
0153_vs_BD,0.108731672055149,0.0368066565167245,0.0095191167328683,regional and tissue volume,bd/scz,0.0,0153,BD,False,IDP T1 FAST ROIs L cerebellum VIIIa,BD
0144_vs_ADHD,0.129315071713946,0.0439102415489782,0.0097777582947233,regional and tissue volume,neurodevelopmental,0.0,0144,ADHD,False,IDP T1 FAST ROIs L cerebellum crus I,ADHD
0147_vs_ADHD,-0.126013631515991,0.0416070143142807,0.0076029114517255,regional and tissue volume,neurodevelopmental,0.0,0147,ADHD,False,IDP T1 FAST ROIs L cerebellum crus II,ADHD
0147_vs_AUD,-0.0432538171448377,0.013463142286428,0.0042642972615028,regional and tissue volume,substance use,-0.0093512675108757,0147,AUD,True,IDP T1 FAST ROIs L cerebellum crus II,AUD
0134_vs_MDD,0.0646642628599704,0.0120180934552736,3.746870983372621e-07,regional and tissue volume,internalizing,0.0261494662146041,0134,MDD,True,IDP T1 FAST ROIs L ventral striatum,MDD
0134_vs_PTSD,0.0695021168724528,0.0153598398402263,2.6077480442133703e-05,regional and tissue volume,internalizing,0.0111467611356433,0134,PTSD,True,IDP T1 FAST ROIs L ventral striatum,PTSD
0134_vs_TUD,0.0305981870244084,0.0081436738033552,0.0006322926442262,regional and tissue volume,substance use,0.0117097456743767,0134,TUD,True,IDP T1 FAST ROIs L ventral striatum,TUD
0134_vs_ANX,0.070486075265998,0.0173290748354917,0.0001866802590068,regional and tissue volume,internalizing,0.0168069443789056,0134,ANX,True,IDP T1 FAST ROIs L ventral striatum,ANX
0134_vs_CUD,0.136142049269739,0.0304861978016946,3.408591189743833e-05,regional and tissue volume,substance use,0.0164785826102432,0134,CUD,True,IDP T1 FAST ROIs L ventral striatum,CUD
0155_vs_CUD,0.240265989578651,0.0545670504514674,4.498685320928426e-05,regional and tissue volume,substance use,0.0,0155,CUD,False,IDP T1 FAST ROIs R cerebellum VIIIa,CUD
0152_vs_CUD,0.178517964894789,0.0467102327374685,0.0004944538499557,regional and tissue volume,substance use,0.0,0152,CUD,False,IDP T1 FAST ROIs R cerebellum VIIb,CUD
0146_vs_ANX,0.0637245913160101,0.0191862569399284,0.002979448112167,regional and tissue volume,internalizing,0.0083910000452118,0146,ANX,True,IDP T1 FAST ROIs R cerebellum crus I,ANX
0146_vs_CUD,0.1365607240581,0.0424052870219642,0.0041591993951166,regional and tissue volume,substance use,0.0,0146,CUD,False,IDP T1 FAST ROIs R cerebellum crus I,CUD
0149_vs_AUD,-0.0349006221307762,0.0114633723658712,0.0072400039326169,regional and tissue volume,substance use,-0.0085110444616594,0149,AUD,True,IDP T1 FAST ROIs R cerebellum crus II,AUD
0149_vs_CUD,0.155189585471415,0.0384647415205479,0.000213404578127,regional and tissue volume,substance use,0.0029611839255747,0149,CUD,True,IDP T1 FAST ROIs R cerebellum crus II,CUD
0135_vs_MDD,0.0636395236227495,0.013218802279824,6.752594327903733e-06,regional and tissue volume,internalizing,0.0214924443584193,0135,MDD,True,IDP T1 FAST ROIs R ventral striatum,MDD
0135_vs_CUD,0.186721338121967,0.0349772338050098,4.704304889136371e-07,regional and tissue volume,substance use,0.0219317085560051,0135,CUD,True,IDP T1 FAST ROIs R ventral striatum,CUD
0154_vs_SCZ,-0.147709515027113,0.0439298829032621,0.0025953537058528,regional and tissue volume,bd/scz,0.0,0154,SCZ,False,IDP T1 FAST ROIs V cerebellum VIIIa,SCZ
0157_vs_TUD,0.0383684259031402,0.0122521859529141,0.005526715669514,regional and tissue volume,substance use,0.0095481770109654,0157,TUD,True,IDP T1 FAST ROIs V cerebellum VIIIb,TUD
1511_vs_MDD,-0.0874464211966137,0.0191667079329311,2.199207062383684e-05,WM tract FA,internalizing,-0.023943235785979,1511,MDD,True,IDP dMRI ProbtrackX FA fmi,MDD
1511_vs_AUD,-0.101765958239749,0.0198872421864018,1.4973504458771977e-06,WM tract FA,substance use,-0.0155759785012078,1511,AUD,True,IDP dMRI ProbtrackX FA fmi,AUD
1950_vs_PTSD,-0.0479060447838519,0.0149061461394473,0.004249107165491,WM tract ICVF,internalizing,-0.0081749790113439,1950,PTSD,True,IDP dMRI ProbtrackX ICVF ar l,PTSD
1952_vs_BD,-0.174467057903548,0.037533070722663,1.4845409903481628e-05,WM tract ICVF,bd/scz,-0.018024631978583,1952,BD,True,IDP dMRI ProbtrackX ICVF atr l,BD
1952_vs_SCZ,-0.194984209739486,0.0521046198854037,0.0006691366441893,WM tract ICVF,bd/scz,-0.0112470187984787,1952,SCZ,True,IDP dMRI ProbtrackX ICVF atr l,SCZ
1952_vs_MDD,-0.0897246728191404,0.01692424928416,5.721231990285236e-07,WM tract ICVF,internalizing,-0.0215288306112398,1952,MDD,True,IDP dMRI ProbtrackX ICVF atr l,MDD
1953_vs_BD,-0.174182012853796,0.0390718715581818,3.52810996579336e-05,WM tract ICVF,bd/scz,-0.0135413454058173,1953,BD,True,IDP dMRI ProbtrackX ICVF atr r,BD
1953_vs_SCZ,-0.166682710690155,0.0511465888934783,0.0036673592464142,WM tract ICVF,bd/scz,-0.0028322005608801,1953,SCZ,True,IDP dMRI ProbtrackX ICVF atr r,SCZ
1953_vs_MDD,-0.0893110945059016,0.0169575741086878,6.883022821168142e-07,WM tract ICVF,internalizing,-0.0200130571815845,1953,MDD,True,IDP dMRI ProbtrackX ICVF atr r,MDD
1958_vs_BD,-0.0847447363799755,0.0277822521403801,0.0071121105979945,WM tract ICVF,bd/scz,-0.0002291949974524,1958,BD,True,IDP dMRI ProbtrackX ICVF cst l,BD
1959_vs_BD,-0.101804103350522,0.033493236404055,0.0073507483279427,WM tract ICVF,bd/scz,-0.0005822827623788,1959,BD,True,IDP dMRI ProbtrackX ICVF cst r,BD
1963_vs_AUD,0.032744293907902,0.0096122348594881,0.0022335565563848,WM tract ICVF,substance use,0.0077828265100101,1963,AUD,True,IDP dMRI ProbtrackX ICVF ifo r,AUD
1965_vs_MDD,-0.0713337021904321,0.0147810663735172,6.3801424991357635e-06,WM tract ICVF,internalizing,-0.0191456340560219,1965,MDD,True,IDP dMRI ProbtrackX ICVF ilf r,MDD
1967_vs_TUD,0.0370147629694286,0.0099026920117095,0.0006800238361735,WM tract ICVF,substance use,0.013132664695439,1967,TUD,True,IDP dMRI ProbtrackX ICVF ml l,TUD
1974_vs_BD,-0.126449317265546,0.0341247758904685,0.0007676257769916,WM tract ICVF,bd/scz,-0.0070986395419782,1974,BD,True,IDP dMRI ProbtrackX ICVF str r,BD
1974_vs_TUD,-0.0338429253936744,0.0114375414236421,0.0093844499167862,WM tract ICVF,substance use,-0.0106246476095308,1974,TUD,True,IDP dMRI ProbtrackX ICVF str r,TUD
1974_vs_AUD,-0.0470332883870163,0.0150658537264629,0.0056995675466492,WM tract ICVF,substance use,-0.0051457872230783,1974,AUD,True,IDP dMRI ProbtrackX ICVF str r,AUD
2113_vs_BD,-0.112586990969622,0.0289499150169138,0.0003810920756143,WM tract ISOVF,bd/scz,-0.0152768587213463,2113,BD,True,IDP dMRI ProbtrackX ISOVF ifo r,BD
2114_vs_BD,-0.0842891065898246,0.0275848266053074,0.0069976801537171,WM tract ISOVF,bd/scz,-0.0067386534251385,2114,BD,True,IDP dMRI ProbtrackX ISOVF ilf l,BD
2115_vs_BD,-0.0993575183311405,0.0251811478261815,0.0003047359499513,WM tract ISOVF,bd/scz,-0.0187752287473179,2115,BD,True,IDP dMRI ProbtrackX ISOVF ilf r,BD
1842_vs_AUD,-0.0482222621867394,0.014576106065796,0.0031125089205727,WM tract diffusivity,substance use,-0.0124113445311579,1842,AUD,True,IDP dMRI ProbtrackX L1 slf l,AUD
1859_vs_MDD,0.0590053607557849,0.0180466779858191,0.0035410617120598,WM tract diffusivity,internalizing,0.0040903941663348,1859,MDD,True,IDP dMRI ProbtrackX L2 fmi,MDD
1859_vs_AUD,-0.0397512236192595,0.0122048095010501,0.0036898775824976,WM tract diffusivity,substance use,-0.0091773061905364,1859,AUD,True,IDP dMRI ProbtrackX L2 fmi,AUD
1886_vs_MDD,0.0798971970751474,0.0184847697869555,6.396571239224493e-05,WM tract diffusivity,internalizing,0.0143718279315692,1886,MDD,True,IDP dMRI ProbtrackX L3 fmi,MDD
1887_vs_BD,0.153152953089702,0.0462070014622259,0.0030490007457165,WM tract diffusivity,bd/scz,0.0,1887,BD,False,IDP dMRI ProbtrackX L3 ifo l,BD
1890_vs_MDD,-0.0912345241398518,0.0257245399318845,0.0013671348455701,WM tract diffusivity,internalizing,-0.0054168522382073,1890,MDD,True,IDP dMRI ProbtrackX L3 ilf r,MDD
1805_vs_MDD,0.0770303893155139,0.0196247831249606,0.0003306078039199,WM tract diffusivity,internalizing,0.0115187120781706,1805,MDD,True,IDP dMRI ProbtrackX MD fmi,MDD
1815_vs_PTSD,0.07005652757572,0.022232836677893,0.0051981110232901,WM tract diffusivity,internalizing,0.0042920876351269,1815,PTSD,True,IDP dMRI ProbtrackX MD slf l,PTSD
1815_vs_AUD,-0.0540851271616437,0.0160592437783902,0.002548530381385,WM tract diffusivity,substance use,-0.0142202140867974,1815,AUD,True,IDP dMRI ProbtrackX MD slf l,AUD
1598_vs_MDD,-0.0524394117123328,0.0170013687793286,0.0064053683636579,WM tract MO,internalizing,-0.0133681130327009,1598,MDD,True,IDP dMRI ProbtrackX MO str l,MDD
1598_vs_PTSD,-0.0832127974504546,0.0231162784346059,0.0011309261084395,WM tract MO,internalizing,-0.0035541985981889,1598,PTSD,True,IDP dMRI ProbtrackX MO str l,PTSD
2046_vs_ANX,-0.0897992905089305,0.0261167137891025,0.0020018935774562,WM tract OD,internalizing,0.0,2046,ANX,False,IDP dMRI ProbtrackX OD slf l,ANX
1470_vs_SCZ,0.178758060555256,0.048945012893043,0.0009347238473102,WM tract FA,bd/scz,0.0,1470,SCZ,False,IDP dMRI TBSS FA Posterior limb of internal capsule R,SCZ
1470_vs_PTSD,-0.0677857692459792,0.0223821748067551,0.0076041652475934,WM tract FA,internalizing,-0.0018278414165565,1470,PTSD,True,IDP dMRI TBSS FA Posterior limb of internal capsule R,PTSD
1456_vs_AUD,0.049747948476455,0.0125394888894662,0.0002794499187993,WM tract FA,substance use,0.015364540220079,1456,AUD,True,IDP dMRI TBSS FA Splenium of corpus callosum,AUD
SB_vs_1465,-0.184835422745782,0.0593543065160793,0.0058410812671058,suicidality,WM tract FA,0.0,SB,1465,False,SB,IDP dMRI TBSS FA Superior cerebellar peduncle L
1464_vs_SCZ,0.152905343913276,0.0414920841898059,0.0008282978450654,WM tract FA,bd/scz,0.0,1464,SCZ,False,IDP dMRI TBSS FA Superior cerebellar peduncle R,SCZ
1925_vs_BD,-0.104165417873138,0.030264068131402,0.0019778671459931,WM tract ICVF,bd/scz,-0.0073115536039185,1925,BD,True,IDP dMRI TBSS ICVF Anterior corona radiata L,BD
1924_vs_BD,-0.0965088488591723,0.0284380613873779,0.0023341913104615,WM tract ICVF,bd/scz,-0.0084322676589484,1924,BD,True,IDP dMRI TBSS ICVF Anterior corona radiata R,BD
1919_vs_BD,-0.103962500768425,0.0316267418880328,0.0033388726148441,WM tract ICVF,bd/scz,-0.0079001633693845,1919,BD,True,IDP dMRI TBSS ICVF Anterior limb of internal capsule L,BD
1918_vs_BD,-0.117836759556289,0.0338456622920415,0.0017215729433896,WM tract ICVF,bd/scz,-0.0068388413999353,1918,BD,True,IDP dMRI TBSS ICVF Anterior limb of internal capsule R,BD
1918_vs_MDD,-0.076029685921297,0.0165446509053372,1.894145195305226e-05,WM tract ICVF,internalizing,-0.0176290414633534,1918,MDD,True,IDP dMRI TBSS ICVF Anterior limb of internal capsule R,MDD
1905_vs_BD,-0.0827848173585298,0.0224021803993727,0.0007973642210992,WM tract ICVF,bd/scz,-0.0249277613681325,1905,BD,True,IDP dMRI TBSS ICVF Body of corpus callosum,BD
1905_vs_MDD,-0.053418243784556,0.0129504751763647,0.0001476657309947,WM tract ICVF,internalizing,-0.011181503575851,1905,MDD,True,IDP dMRI TBSS ICVF Body of corpus callosum,MDD
1938_vs_BD,-0.0983257289709898,0.0301303226407232,0.0036143156026801,WM tract ICVF,bd/scz,-0.0010362526102779,1938,BD,True,IDP dMRI TBSS ICVF Cingulum hippocampus R,BD
1934_vs_PTSD,-0.142774552380978,0.0339558963541107,0.0001058149485773,WM tract ICVF,internalizing,0.0,1934,PTSD,False,IDP dMRI TBSS ICVF External capsule R,PTSD
1941_vs_BD,-0.133031665662708,0.0364923311833656,0.0009578885902172,WM tract ICVF,bd/scz,0.0,1941,BD,False,IDP dMRI TBSS ICVF Fornix cres+Stria terminalis L,BD
1941_vs_TUD,0.0376857856094534,0.011212638718628,0.0026079455863606,WM tract ICVF,substance use,0.011002934180195,1941,TUD,True,IDP dMRI TBSS ICVF Fornix cres+Stria terminalis L,TUD
1940_vs_BD,-0.105036013659862,0.0350144242136087,0.0082979855458605,WM tract ICVF,bd/scz,-0.0003542009314807,1940,BD,True,IDP dMRI TBSS ICVF Fornix cres+Stria terminalis R,BD
1940_vs_MDD,-0.0724927597358231,0.019629990274434,0.0008045411819408,WM tract ICVF,internalizing,-0.0065078881009481,1940,MDD,True,IDP dMRI TBSS ICVF Fornix cres+Stria terminalis R,MDD
1904_vs_MDD,-0.0790945271683576,0.0139497350062946,7.554517565773313e-08,WM tract ICVF,internalizing,-0.0276190662826528,1904,MDD,True,IDP dMRI TBSS ICVF Genu of corpus callosum,MDD
1904_vs_PTSD,-0.0529619293604597,0.0134800904593468,0.0003256938000036,WM tract ICVF,internalizing,-0.0089270743087804,1904,PTSD,True,IDP dMRI TBSS ICVF Genu of corpus callosum,PTSD
1913_vs_ANX,-0.0942854578992839,0.0219488305383585,7.1786756625986e-05,WM tract ICVF,internalizing,-0.0143500660910975,1913,ANX,True,IDP dMRI TBSS ICVF Inferior cerebellar peduncle L,ANX
1928_vs_MDD,-0.0728399133344745,0.0195415145961446,0.0007068036802255,WM tract ICVF,internalizing,-0.0124183206517191,1928,MDD,True,IDP dMRI TBSS ICVF Posterior corona radiata R,MDD
1928_vs_AUD,-0.0517476431534215,0.0168099449140667,0.0065256430308084,WM tract ICVF,substance use,-0.0016382584532265,1928,AUD,True,IDP dMRI TBSS ICVF Posterior corona radiata R,AUD
1923_vs_MDD,-0.0465413269214325,0.0138622534869102,0.0026403192148702,WM tract ICVF,internalizing,-0.0040543539683074,1923,MDD,True,IDP dMRI TBSS ICVF Retrolenticular part of internal capsule L,MDD
1923_vs_AUD,0.0302707509369664,0.0100168494625154,0.0077602589847665,WM tract ICVF,substance use,0.0088462558603116,1923,AUD,True,IDP dMRI TBSS ICVF Retrolenticular part of internal capsule L,AUD
1922_vs_MDD,-0.0794276607041933,0.0158670277592209,2.633289323805701e-06,WM tract ICVF,internalizing,-0.0222654005185179,1922,MDD,True,IDP dMRI TBSS ICVF Retrolenticular part of internal capsule R,MDD
1906_vs_AUD,0.0379490983286303,0.0101793316454835,0.0007052695599992,WM tract ICVF,substance use,0.0104981438267165,1906,AUD,True,IDP dMRI TBSS ICVF Splenium of corpus callosum,AUD
1915_vs_BD,0.0873520204371215,0.0295805459677914,0.0095494843626128,WM tract ICVF,bd/scz,0.0,1915,BD,False,IDP dMRI TBSS ICVF Superior cerebellar peduncle L,BD
1914_vs_BD,0.137574416628492,0.0321205209053263,7.57920836579977e-05,WM tract ICVF,bd/scz,0.0133227348560458,1914,BD,True,IDP dMRI TBSS ICVF Superior cerebellar peduncle R,BD
1927_vs_MDD,-0.0784352838627323,0.0177803244120159,4.336563046298574e-05,WM tract ICVF,internalizing,-0.0159347449589065,1927,MDD,True,IDP dMRI TBSS ICVF Superior corona radiata L,MDD
1717_vs_BD,0.117775201376803,0.0335286769372269,0.0015434767272772,WM tract diffusivity,bd/scz,0.0077734111689527,1717,BD,True,IDP dMRI TBSS L2 Posterior limb of internal capsule L,BD
1716_vs_MDD,0.079270053909734,0.0186287484814847,8.538736632520545e-05,WM tract diffusivity,internalizing,0.0197666319601313,1716,MDD,True,IDP dMRI TBSS L2 Posterior limb of internal capsule R,MDD
1769_vs_AUD,-0.0506819180931726,0.0163780639996431,0.006205776114351,WM tract diffusivity,substance use,-0.0117074492829342,1769,AUD,True,IDP dMRI TBSS L3 Anterior corona radiata L,AUD
1762_vs_TUD,-0.0553894297514074,0.0185075297191966,0.0084759735158624,WM tract diffusivity,substance use,-0.0070990524786092,1762,TUD,True,IDP dMRI TBSS L3 Anterior limb of internal capsule R,TUD
1777_vs_MDD,0.0508969702011129,0.017004975662972,0.0084696727059938,WM tract diffusivity,internalizing,0.0,1777,MDD,False,IDP dMRI TBSS L3 Sagittal stratum L,MDD
1786_vs_MDD,0.14528503804581,0.0227317640965603,9.740558337937463e-10,WM tract diffusivity,internalizing,0.0419491797123591,1786,MDD,True,IDP dMRI TBSS L3 Superior longitudinal fasciculus R,MDD
1786_vs_TUD,-0.0573056870833,0.0168428003251732,0.0022658506389686,WM tract diffusivity,substance use,-0.0131060898105891,1786,TUD,True,IDP dMRI TBSS L3 Superior longitudinal fasciculus R,TUD
1786_vs_AUD,0.0966886795714396,0.0223227396592641,6.148782436842655e-05,WM tract diffusivity,substance use,0.0004309980026495,1786,AUD,True,IDP dMRI TBSS L3 Superior longitudinal fasciculus R,AUD
1625_vs_MDD,0.0782943618443174,0.0179753584237896,5.5381508326662986e-05,WM tract diffusivity,internalizing,0.0170652721073627,1625,MDD,True,IDP dMRI TBSS MD Anterior corona radiata L,MDD
1625_vs_AUD,-0.041390021235622,0.0140358597035883,0.0096654054648911,WM tract diffusivity,substance use,-0.0113105639331729,1625,AUD,True,IDP dMRI TBSS MD Anterior corona radiata L,AUD
1624_vs_AUD,-0.0390189364029076,0.013246867881478,0.0097632862791696,WM tract diffusivity,substance use,-0.0088674512329992,1624,AUD,True,IDP dMRI TBSS MD Anterior corona radiata R,AUD
1619_vs_PTSD,0.0893749499016109,0.0223100237527674,0.0002391354869398,WM tract diffusivity,internalizing,0.0110181996493094,1619,PTSD,True,IDP dMRI TBSS MD Anterior limb of internal capsule L,PTSD
1633_vs_MDD,0.0630474288877402,0.0190043190933924,0.0030183016105292,WM tract diffusivity,internalizing,0.0062131553682071,1633,MDD,True,IDP dMRI TBSS MD Sagittal stratum L,MDD
1643_vs_BD,0.132078655734783,0.0401510051197607,0.0033129901190103,WM tract diffusivity,bd/scz,0.0007087120636757,1643,BD,True,IDP dMRI TBSS MD Superior longitudinal fasciculus L,BD
ADHD_vs_1994,0.182535464828542,0.0473473504388473,0.0004347125159337,neurodevelopmental,WM tract OD,0.0,ADHD,1994,False,ADHD,IDP dMRI TBSS OD Anterior limb of internal capsule L
MDD_vs_1993,0.185109314678029,0.0592974821904798,0.0057013851263375,internalizing,WM tract OD,0.0,MDD,1993,False,MDD,IDP dMRI TBSS OD Anterior limb of internal capsule R
1993_vs_CUD,-0.223426626511345,0.0585712827342054,0.000508314206721,WM tract OD,substance use,0.0,1993,CUD,False,IDP dMRI TBSS OD Anterior limb of internal capsule R,CUD
1992_vs_BD,0.156522018462155,0.0403887317265903,0.0004019877579264,WM tract OD,bd/scz,0.0038779123949389,1992,BD,True,IDP dMRI TBSS OD Cerebral peduncle L,BD
1992_vs_MDD,0.0643098985606924,0.0190114054514521,0.0024230937429984,WM tract OD,internalizing,0.0145592053349924,1992,MDD,True,IDP dMRI TBSS OD Cerebral peduncle L,MDD
1992_vs_PTSD,0.0937648470335439,0.0232956953504956,0.0002217281197342,WM tract OD,internalizing,0.0073791652279419,1992,PTSD,True,IDP dMRI TBSS OD Cerebral peduncle L,PTSD
1992_vs_SB,0.110669581275319,0.0357894829230444,0.0062496193079387,WM tract OD,suicidality,0.0,1992,SB,False,IDP dMRI TBSS OD Cerebral peduncle L,SB
1991_vs_TUD,0.0603508236478343,0.0112926558973279,4.5593341212277014e-07,WM tract OD,substance use,0.0231508849462766,1991,TUD,True,IDP dMRI TBSS OD Cerebral peduncle R,TUD
0820_vs_SCZ,0.157720253404306,0.0434309074857292,0.0010074380051751,cortical area,bd/scz,0.0,0820,SCZ,False,aparc-DKTatlas lh area lingual,SCZ
0820_vs_TUD,0.0474122356660153,0.0150982346085116,0.0053781782940328,cortical area,substance use,0.0090942005589204,0820,TUD,True,aparc-DKTatlas lh area lingual,TUD
PTSD_vs_0440,0.341192909521346,0.104265594800332,0.0035087575958793,internalizing,regional and tissue volume,0.0,PTSD,0440,False,PTSD,aparc-DKTatlas lh volume cuneus
0843_vs_SCZ,0.159448827115315,0.0447262718188117,0.0012799022304766,cortical area,bd/scz,0.0,0843,SCZ,False,aparc-DKTatlas rh area cuneus,SCZ
0843_vs_TUD,0.050615855794166,0.0135616998507825,0.0006945570504739,cortical area,substance use,0.0140845134591469,0843,TUD,True,aparc-DKTatlas rh area cuneus,TUD
0851_vs_SCZ,0.154056985488779,0.0416679815902003,0.0007917393340885,cortical area,bd/scz,0.0012963357248215,0851,SCZ,True,aparc-DKTatlas rh area lingual,SCZ
0859_vs_SCZ,0.141297113314671,0.0313116075382831,2.758898430616172e-05,cortical area,bd/scz,0.0233156616795736,0859,SCZ,True,aparc-DKTatlas rh area pericalcarine,SCZ
0471_vs_SCZ,0.160406796570567,0.0436556082556465,0.0008620927654671,regional and tissue volume,bd/scz,0.0020949396372002,0471,SCZ,True,aparc-DKTatlas rh volume cuneus,SCZ
0487_vs_SCZ,0.174191326999908,0.0377389256435492,1.72567463456004e-05,regional and tissue volume,bd/scz,0.0203809050771794,0487,SCZ,True,aparc-DKTatlas rh volume pericalcarine,SCZ
0174_vs_ADHD,-0.266204767431981,0.0648626371040266,0.0001606685498897,regional and tissue volume,neurodevelopmental,0.0,0174,ADHD,False,aseg global volume 3rd-Ventricle,ADHD
0182_vs_CUD,0.171085793326645,0.0499772128546318,0.002109542930397,regional and tissue volume,substance use,0.0,0182,CUD,False,aseg global volume CC-Posterior,CUD
0173_vs_SCZ,0.128748132799886,0.0385601827927629,0.0028088272254167,regional and tissue volume,bd/scz,0.0001037390127824,0173,SCZ,True,aseg global volume VentricleChoroid,SCZ
0173_vs_ADHD,-0.181705251224361,0.0478640835356779,0.0005449548717702,regional and tissue volume,neurodevelopmental,0.0,0173,ADHD,False,aseg global volume VentricleChoroid,ADHD
1345_vs_TUD,-0.0454451657331478,0.0100041103050585,2.4060821211682183e-05,regional and tissue intensity,substance use,-0.0168080177103773,1345,TUD,True,aseg lh intensity Putamen,TUD
1345_vs_CUD,-0.140160176701686,0.0346488771089824,0.0002042853222162,regional and tissue intensity,substance use,-0.0083587964946944,1345,CUD,True,aseg lh intensity Putamen,CUD
0191_vs_SCZ,0.123944170259286,0.0400665813888212,0.0062259973827559,regional and tissue volume,bd/scz,0.0,0191,SCZ,False,aseg lh volume Lateral-Ventricle,SCZ
0191_vs_ADHD,-0.179365488787692,0.0498787503299446,0.0011458468061383,regional and tissue volume,neurodevelopmental,0.0,0191,ADHD,False,aseg lh volume Lateral-Ventricle,ADHD
1363_vs_MDD,-0.0587809029229861,0.0126258262279218,1.4352947836813318e-05,regional and tissue intensity,internalizing,-0.0204917045709883,1363,MDD,True,aseg rh intensity Accumbens-area,MDD
1363_vs_CUD,-0.106456242869815,0.0320046969760732,0.0029307892688035,regional and tissue intensity,substance use,-0.0028948931186253,1363,CUD,True,aseg rh intensity Accumbens-area,CUD
1358_vs_BD,-0.13227196322664,0.0373806778324327,0.001406963073432,regional and tissue intensity,bd/scz,0.0,1358,BD,False,aseg rh intensity Caudate,BD
1358_vs_ANX,-0.127599580148662,0.0274839727708286,1.5240875632964067e-05,regional and tissue intensity,internalizing,-0.0146890592376335,1358,ANX,True,aseg rh intensity Caudate,ANX
1360_vs_TUD,-0.0484509804605928,0.0107814470228837,3.001590243783858e-05,regional and tissue intensity,substance use,-0.0178979193143413,1360,TUD,True,aseg rh intensity Pallidum,TUD
1359_vs_MDD,-0.0548142182614773,0.0125078163663204,4.92906199214568e-05,regional and tissue intensity,internalizing,-0.0185232555354514,1359,MDD,True,aseg rh intensity Putamen,MDD
0214_vs_AUD,0.0657786394637343,0.0179329172176129,0.0008829649165242,regional and tissue volume,substance use,0.0076386300568321,0214,AUD,True,aseg rh volume Putamen,AUD
0214_vs_CUD,0.15826132410638,0.0523768650847235,0.0077691836673659,regional and tissue volume,substance use,0.0,0214,CUD,False,aseg rh volume Putamen,CUD
3915_vs_SCZ,-0.220320398353234,0.0422176737347837,8.854762315186315e-07,rfMRI connectivity,bd/scz,-0.0284517713922044,3915,SCZ,True,rfMRI connectivity ICA-features 2,SCZ
3915_vs_ADHD,-0.125152346385319,0.0389560729994991,0.0042656232864534,rfMRI connectivity,neurodevelopmental,0.0,3915,ADHD,False,rfMRI connectivity ICA-features 2,ADHD
3915_vs_CUD,0.12409370913896,0.0417181116115891,0.0089530669269585,rfMRI connectivity,substance use,0.0,3915,CUD,False,rfMRI connectivity ICA-features 2,CUD
3916_vs_SCZ,0.226275655100824,0.0442897906603448,1.5620279510891264e-06,rfMRI connectivity,bd/scz,0.0189400543448978,3916,SCZ,True,rfMRI connectivity ICA-features 3,SCZ
3916_vs_MDD,0.0677631297132982,0.0209676211080995,0.004010120510737,rfMRI connectivity,internalizing,0.0068866320985637,3916,MDD,True,rfMRI connectivity ICA-features 3,MDD
3916_vs_CUD,0.203399503067367,0.0545411814311854,0.0007022252414968,rfMRI connectivity,substance use,0.0,3916,CUD,False,rfMRI connectivity ICA-features 3,CUD
3919_vs_SCZ,-0.229627991254918,0.0575731315181411,0.000256740524206,rfMRI connectivity,bd/scz,0.0,3919,SCZ,False,rfMRI connectivity ICA-features 6,SCZ
MDD_vs_3919,0.259598144479294,0.0595550036040525,5.45912661208813e-05,internalizing,rfMRI connectivity,0.0,MDD,3919,False,MDD,rfMRI connectivity ICA-features 6
3919_vs_ANX,0.0800517500820889,0.0244702652529239,0.0035196660334918,rfMRI connectivity,internalizing,0.0,3919,ANX,False,rfMRI connectivity ICA-features 6,ANX
1368_vs_AUD,0.0547027279910379,0.0140223833860994,0.0003637950248361,cortical grey-white contrast,substance use,0.0145606312067343,1368,AUD,True,wg lh intensity-contrast bankssts,AUD
1370_vs_ANX,0.100235201672802,0.0240424108786969,0.0001228895953971,cortical grey-white contrast,internalizing,0.0194327428724381,1370,ANX,True,wg lh intensity-contrast caudalmiddlefrontal,ANX
1370_vs_AUD,0.0537384860516686,0.0146579529474973,0.000888809863668,cortical grey-white contrast,substance use,0.0086151890287964,1370,AUD,True,wg lh intensity-contrast caudalmiddlefrontal,AUD
1371_vs_MDD,0.0568788910421869,0.0172542646082864,0.0032368368467902,cortical grey-white contrast,internalizing,0.0100251237028785,1371,MDD,True,wg lh intensity-contrast cuneus,MDD
1373_vs_MDD,0.0711008813214503,0.0132413252607782,3.9747297580262e-07,cortical grey-white contrast,internalizing,0.0206004419765927,1373,MDD,True,wg lh intensity-contrast fusiform,MDD
1373_vs_AUD,0.0356619197714027,0.0090638683823484,0.0003184183755273,cortical grey-white contrast,substance use,0.01253657980896,1373,AUD,True,wg lh intensity-contrast fusiform,AUD
1373_vs_CUD,-0.11679981321096,0.033451440828047,0.0016622334592427,cortical grey-white contrast,substance use,-0.0001338815294551,1373,CUD,True,wg lh intensity-contrast fusiform,CUD
1374_vs_MDD,0.0390033929965841,0.0127971131109674,0.0071678228436452,cortical grey-white contrast,internalizing,0.0054966699974007,1374,MDD,True,wg lh intensity-contrast inferiorparietal,MDD
1375_vs_MDD,0.0771973224035698,0.0149005288062066,1.0784401837960952e-06,cortical grey-white contrast,internalizing,0.0219346899070349,1375,MDD,True,wg lh intensity-contrast inferiortemporal,MDD
1375_vs_AUD,0.0354593768594501,0.0100608496543311,0.0014799265795655,cortical grey-white contrast,substance use,0.0060619152214669,1375,AUD,True,wg lh intensity-contrast inferiortemporal,AUD
SB_vs_1401,0.193758819436521,0.0599857932905636,0.004032567544727,suicidality,cortical grey-white contrast,0.0,SB,1401,False,SB,wg lh intensity-contrast insula
1401_vs_AUD,0.0333153425069003,0.0109844471377547,0.0075021957271533,cortical grey-white contrast,substance use,0.0,1401,AUD,False,wg lh intensity-contrast insula,AUD
1376_vs_MDD,0.0490375529131327,0.0160048523720883,0.006823130775048,cortical grey-white contrast,internalizing,0.0060758753897531,1376,MDD,True,wg lh intensity-contrast isthmuscingulate,MDD
1376_vs_ANX,0.0782544516780338,0.0208637257069119,0.0006481726412345,cortical grey-white contrast,internalizing,0.0144551976912787,1376,ANX,True,wg lh intensity-contrast isthmuscingulate,ANX
1376_vs_CUD,0.135153714674375,0.0441645669191492,0.0069008746246034,cortical grey-white contrast,substance use,0.0,1376,CUD,False,wg lh intensity-contrast isthmuscingulate,CUD
SCZ_vs_1377,0.0598004333519334,0.0184293719646235,0.0038419746234859,bd/scz,cortical grey-white contrast,0.0,SCZ,1377,False,SCZ,wg lh intensity-contrast lateraloccipital
1377_vs_MDD,0.0426274784918113,0.0127837554756694,0.0028504595165979,cortical grey-white contrast,internalizing,0.0051614506803674,1377,MDD,True,wg lh intensity-contrast lateraloccipital,MDD
1378_vs_MDD,0.0410267026521613,0.012855913748589,0.0045697480223453,cortical grey-white contrast,internalizing,0.006740362311477,1378,MDD,True,wg lh intensity-contrast lateralorbitofrontal,MDD
1378_vs_AUD,0.0314572980548789,0.0097002239843289,0.0038659723646691,cortical grey-white contrast,substance use,0.0001542517106236,1378,AUD,True,wg lh intensity-contrast lateralorbitofrontal,AUD
1380_vs_MDD,0.0535363036990545,0.015172441843876,0.001458162636974,cortical grey-white contrast,internalizing,0.0001510066515813,1380,MDD,True,wg lh intensity-contrast medialorbitofrontal,MDD
1380_vs_TUD,0.0306604696165293,0.0101945193720105,0.0081067495097674,cortical grey-white contrast,substance use,0.011920642819708,1380,TUD,True,wg lh intensity-contrast medialorbitofrontal,TUD
1381_vs_MDD,0.0665461643312436,0.0140269058012469,9.45392630835326e-06,cortical grey-white contrast,internalizing,0.0202950169341573,1381,MDD,True,wg lh intensity-contrast middletemporal,MDD
1381_vs_AUD,0.0330381562981652,0.0106623011163175,0.0061293228715859,cortical grey-white contrast,substance use,0.0012054405043711,1381,AUD,True,wg lh intensity-contrast middletemporal,AUD
1382_vs_AUD,0.057637733885574,0.0160509255371876,0.0011664353582347,cortical grey-white contrast,substance use,0.0138936968047122,1382,AUD,True,wg lh intensity-contrast parahippocampal,AUD
1384_vs_AUD,0.0411013310213181,0.0112592582414837,0.000940584019751,cortical grey-white contrast,substance use,0.0032680226040347,1384,AUD,True,wg lh intensity-contrast parsopercularis,AUD
MDD_vs_1386,-0.178664864342612,0.0590983563185054,0.0077304776322257,internalizing,cortical grey-white contrast,0.0,MDD,1386,False,MDD,wg lh intensity-contrast parstriangularis
1386_vs_AUD,0.0589775940395743,0.0152325970657097,0.0004076929708006,cortical grey-white contrast,substance use,0.01267076169849,1386,AUD,True,wg lh intensity-contrast parstriangularis,AUD
1389_vs_MDD,0.0577561617710734,0.0172471825265106,0.0027177619457265,cortical grey-white contrast,internalizing,0.0070198964186802,1389,MDD,True,wg lh intensity-contrast posteriorcingulate,MDD
1391_vs_AUD,0.0422717254127184,0.0098072479914067,6.743340920364611e-05,cortical grey-white contrast,substance use,0.0166418167506263,1391,AUD,True,wg lh intensity-contrast precuneus,AUD
1392_vs_AUD,0.0437931993481618,0.0130678496420919,0.0026945287389395,cortical grey-white contrast,substance use,0.008055499447019,1392,AUD,True,wg lh intensity-contrast rostralanteriorcingulate,AUD
1393_vs_AUD,0.0350048233222719,0.0094618338732715,0.0007849345679816,cortical grey-white contrast,substance use,0.0092767680376894,1393,AUD,True,wg lh intensity-contrast rostralmiddlefrontal,AUD
1394_vs_MDD,0.035725578232486,0.0117522609827051,0.0073430308648838,cortical grey-white contrast,internalizing,0.0062931086047844,1394,MDD,True,wg lh intensity-contrast superiorfrontal,MDD
1395_vs_MDD,0.0431428264627797,0.0130306111582142,0.003085979830216,cortical grey-white contrast,internalizing,0.0083423463158967,1395,MDD,True,wg lh intensity-contrast superiorparietal,MDD
1395_vs_AUD,0.036521450248362,0.0108216555329585,0.0024889387321474,cortical grey-white contrast,substance use,0.005859647431505,1395,AUD,True,wg lh intensity-contrast superiorparietal,AUD
1396_vs_AUD,0.0441466236079504,0.0098827177274899,3.387511873996553e-05,cortical grey-white contrast,substance use,0.0112720182107229,1396,AUD,True,wg lh intensity-contrast superiortemporal,AUD
1397_vs_AUD,0.0455057531781194,0.0105975187459203,7.229210939884906e-05,cortical grey-white contrast,substance use,0.0125318195880813,1397,AUD,True,wg lh intensity-contrast supramarginal,AUD
1403_vs_AUD,0.0476684878847995,0.0118297715810695,0.0002177069825107,cortical grey-white contrast,substance use,0.0069161887795289,1403,AUD,True,wg rh intensity-contrast bankssts,AUD
1403_vs_CUD,0.142168511552153,0.0461675401960175,0.0065057336074361,cortical grey-white contrast,substance use,0.0,1403,CUD,False,wg rh intensity-contrast bankssts,CUD
1405_vs_MDD,0.0510133347293694,0.0158240179136519,0.0041151964931097,cortical grey-white contrast,internalizing,0.0081776164316084,1405,MDD,True,wg rh intensity-contrast caudalmiddlefrontal,MDD
1405_vs_ANX,0.0900262062463284,0.023010322255334,0.0003478706085257,cortical grey-white contrast,internalizing,0.0155395694233661,1405,ANX,True,wg rh intensity-contrast caudalmiddlefrontal,ANX
1433_vs_AUD,0.0523099518372224,0.0156935897916898,0.0028633186772182,cortical grey-white contrast,substance use,0.0046799969937562,1433,AUD,True,wg rh intensity-contrast frontalpole,AUD
1408_vs_BD,-0.0888519593895659,0.0249637471804423,0.0013061137972543,cortical grey-white contrast,bd/scz,-0.0200645940019609,1408,BD,True,wg rh intensity-contrast fusiform,BD
1408_vs_MDD,0.0641514760128988,0.0140258900739644,2.0890792090916876e-05,cortical grey-white contrast,internalizing,0.0195614227227607,1408,MDD,True,wg rh intensity-contrast fusiform,MDD
1408_vs_AUD,0.0543331157918305,0.0110363341800649,3.9678682924130585e-06,cortical grey-white contrast,substance use,0.0179128030922653,1408,AUD,True,wg rh intensity-contrast fusiform,AUD
1409_vs_MDD,0.0610867183727645,0.012140088195558,2.312427199866924e-06,cortical grey-white contrast,internalizing,0.0201145275380649,1409,MDD,True,wg rh intensity-contrast inferiorparietal,MDD
1409_vs_AUD,0.0268777515997848,0.0087688206965413,0.0067975022344194,cortical grey-white contrast,substance use,0.005062355935787,1409,AUD,True,wg rh intensity-contrast inferiorparietal,AUD
1410_vs_MDD,0.0538609257371264,0.0124099798967842,5.9230310341179926e-05,cortical grey-white contrast,internalizing,0.0101176017022274,1410,MDD,True,wg rh intensity-contrast inferiortemporal,MDD
1410_vs_AUD,0.0322268186956088,0.0095619616326557,0.0025271250878223,cortical grey-white contrast,substance use,0.0058822044793916,1410,AUD,True,wg rh intensity-contrast inferiortemporal,AUD
1410_vs_CUD,-0.0969662509582689,0.0324507644431706,0.0085977546180556,cortical grey-white contrast,substance use,0.0,1410,CUD,False,wg rh intensity-contrast inferiortemporal,CUD
1436_vs_AUD,0.0408676258499297,0.013380077711668,0.0070255237324885,cortical grey-white contrast,substance use,0.0022108072520933,1436,AUD,True,wg rh intensity-contrast insula,AUD
1411_vs_TUD,-0.0563655149101214,0.0144208166340689,0.0003531716381017,cortical grey-white contrast,substance use,-0.0144025814726644,1411,TUD,True,wg rh intensity-contrast isthmuscingulate,TUD
1411_vs_AUD,0.0449511517226862,0.0148612627906722,0.0076955708912194,cortical grey-white contrast,substance use,0.0045814278077739,1411,AUD,True,wg rh intensity-contrast isthmuscingulate,AUD
SCZ_vs_1412,0.0593412653927111,0.0183557535493692,0.0039961469104507,bd/scz,cortical grey-white contrast,0.0,SCZ,1412,False,SCZ,wg rh intensity-contrast lateraloccipital
1413_vs_AUD,0.0413364588031643,0.0112403972843385,0.00085238510181,cortical grey-white contrast,substance use,0.0012703397146798,1413,AUD,True,wg rh intensity-contrast lateralorbitofrontal,AUD
1415_vs_AUD,0.0457221488269785,0.0105395296108193,5.973908558939541e-05,cortical grey-white contrast,substance use,0.0030449651808068,1415,AUD,True,wg rh intensity-contrast medialorbitofrontal,AUD
1416_vs_AUD,0.048007941537145,0.0093674140789433,1.4387581486322875e-06,cortical grey-white contrast,substance use,0.0125637173498105,1416,AUD,True,wg rh intensity-contrast middletemporal,AUD
1418_vs_TUD,-0.0948121083315638,0.0248978568891186,0.0005211716158314,cortical grey-white contrast,substance use,-0.0080721962752543,1418,TUD,True,wg rh intensity-contrast paracentral,TUD
1417_vs_MDD,0.0785115854032731,0.0194356860173706,0.0002090464206636,cortical grey-white contrast,internalizing,0.0146822262869396,1417,MDD,True,wg rh intensity-contrast parahippocampal,MDD
1417_vs_ANX,0.0773276538107743,0.0247427989662273,0.0056383506699678,cortical grey-white contrast,internalizing,0.0,1417,ANX,False,wg rh intensity-contrast parahippocampal,ANX
1417_vs_AUD,0.0489015377478106,0.0137329979423097,0.001298521761996,cortical grey-white contrast,substance use,0.0071171667180733,1417,AUD,True,wg rh intensity-contrast parahippocampal,AUD
1419_vs_MDD,0.0444037075106262,0.0142369908498871,0.005753276090074,cortical grey-white contrast,internalizing,0.0057307250818946,1419,MDD,True,wg rh intensity-contrast parsopercularis,MDD
1419_vs_AUD,0.0416325559867658,0.0116279151832895,0.0012112482347125,cortical grey-white contrast,substance use,0.003728462581397,1419,AUD,True,wg rh intensity-contrast parsopercularis,AUD
ADHD_vs_1421,-0.15283709205957,0.0485184691531214,0.0052140714930003,neurodevelopmental,cortical grey-white contrast,0.0,ADHD,1421,False,ADHD,wg rh intensity-contrast parstriangularis
1421_vs_AUD,0.0449111436350403,0.0122822406666555,0.0009202679698809,cortical grey-white contrast,substance use,0.0061348128417891,1421,AUD,True,wg rh intensity-contrast parstriangularis,AUD
1424_vs_AUD,0.0396236456681578,0.012112001216101,0.0035192622727009,cortical grey-white contrast,substance use,0.0015706874308389,1424,AUD,True,wg rh intensity-contrast posteriorcingulate,AUD
1425_vs_AUD,0.0494168098707772,0.016371142344603,0.0078435331871136,cortical grey-white contrast,substance use,0.0041938089593593,1425,AUD,True,wg rh intensity-contrast precentral,AUD
1426_vs_MDD,0.0354449869536803,0.0115242332854417,0.0065810638577662,cortical grey-white contrast,internalizing,0.0064841088938102,1426,MDD,True,wg rh intensity-contrast precuneus,MDD
1426_vs_AUD,0.0513375477211557,0.0098878851658285,1.0184566182127048e-06,cortical grey-white contrast,substance use,0.0224001681119485,1426,AUD,True,wg rh intensity-contrast precuneus,AUD
1426_vs_CUD,0.137871034005196,0.0316359061010942,5.481077598547062e-05,cortical grey-white contrast,substance use,0.0134677060399393,1426,CUD,True,wg rh intensity-contrast precuneus,CUD
1428_vs_AUD,0.0532553694281522,0.01029432227484,1.121972250377439e-06,cortical grey-white contrast,substance use,0.0115931428362257,1428,AUD,True,wg rh intensity-contrast rostralmiddlefrontal,AUD
1429_vs_MDD,0.0421824937314067,0.0127282629332735,0.0030532524983885,cortical grey-white contrast,internalizing,0.0076738506385408,1429,MDD,True,wg rh intensity-contrast superiorfrontal,MDD
1429_vs_AUD,0.0385218837907043,0.0114083419954243,0.0024737482673743,cortical grey-white contrast,substance use,0.0055303226663584,1429,AUD,True,wg rh intensity-contrast superiorfrontal,AUD
1430_vs_MDD,0.0470419308201058,0.0137070449378482,0.002046109171277,cortical grey-white contrast,internalizing,0.0088820782752346,1430,MDD,True,wg rh intensity-contrast superiorparietal,MDD
1430_vs_AUD,0.0341914295865607,0.0100852749067511,0.0023622875737735,cortical grey-white contrast,substance use,0.0062002989619952,1430,AUD,True,wg rh intensity-contrast superiorparietal,AUD
1431_vs_AUD,0.0306055132434697,0.0095154802325706,0.0042134040682509,cortical grey-white contrast,substance use,0.0044528108620352,1431,AUD,True,wg rh intensity-contrast superiortemporal,AUD
1432_vs_MDD,0.0373445863352129,0.0126760502260665,0.0097483272137451,cortical grey-white contrast,internalizing,0.0044948863871733,1432,MDD,True,wg rh intensity-contrast supramarginal,MDD
1432_vs_AUD,0.0371282279515423,0.0099215726832908,0.0006691366441893,cortical grey-white contrast,substance use,0.0052241950974136,1432,AUD,True,wg rh intensity-contrast supramarginal,AUD
